N,scor_ijk,scor_jik,scor_kij,scor_kji,scor_ikj,scor_jki,scor_block,timp_ijk,timp_jik,timp_kij,timp_kji,timp_ikj,timp_jki,timp_block,block_size
512,536084479,803471361,137706077187,274608160771,137438168063,274340773889,1347583783,1.069414,1.199796,1.111631,1.959840,1.705581,1.874403,2.580412,128
512,536084479,803471361,137706077187,274608160771,137438168063,274340773889,1347583783,1.095609,1.173254,1.147182,2.244698,1.772007,2.128024,2.837531,128
512,536084479,803471361,137706077187,274608160771,137438168063,274340773889,1347583783,1.220540,1.233486,1.296043,2.102114,1.865029,1.996151,2.796753,128
512,536084479,803471361,137706077187,274608160771,137438168063,274340773889,1347583783,1.152470,1.280481,1.242515,2.068330,1.804921,1.958482,2.738719,128
512,536084479,803471361,137706077187,274608160771,137438168063,274340773889,1347583783,1.162442,1.333346,1.254634,2.081477,1.810046,1.951991,2.690229,128
512,536084479,803471361,137706077187,274608160771,137438168063,274340773889,1347583783,1.153461,1.300863,1.255378,2.172575,1.759111,2.113037,2.814138,128
512,536084479,803471361,137706077187,274608160771,137438168063,274340773889,1347583783,1.119442,1.319351,1.216384,2.657383,1.811701,2.043607,2.748592,128
512,536084479,803471361,137706077187,274608160771,137438168063,274340773889,1347583783,1.131805,1.281272,1.260510,2.014317,1.783215,2.759621,3.533878,128
512,536084479,803471361,137706077187,274608160771,137438168063,274340773889,1347583783,1.207459,1.206455,1.240006,2.014937,1.778680,2.744431,3.547399,128
512,536084479,803471361,137706077187,274608160771,137438168063,274340773889,1347583783,1.132939,1.231745,1.234201,2.309623,1.782389,1.968376,2.664969,128
512,536084479,803471361,137706077187,274608160771,137438168063,274340773889,1347583783,1.227693,1.157788,1.212459,2.046771,1.840665,2.707578,3.478475,128
512,536084479,803471361,137706077187,274608160771,137438168063,274340773889,1347583783,1.142981,1.230757,1.203718,2.316986,1.781627,2.019506,2.712109,128
512,536084479,803471361,137706077187,274608160771,137438168063,274340773889,1347583783,1.240197,1.165444,1.226357,2.028026,1.760602,1.960837,2.639405,128
512,536084479,803471361,137706077187,274608160771,137438168063,274340773889,1347583783,1.211144,1.214314,1.215552,2.028977,1.771327,1.942997,2.624466,128
512,536084479,803471361,137706077187,274608160771,137438168063,274340773889,1347583783,1.132354,1.295392,1.207739,2.149766,1.844010,2.349774,3.037697,128
512,536084479,803471361,137706077187,274608160771,137438168063,274340773889,1347583783,1.140553,1.190447,1.235780,2.023055,1.867894,2.321516,3.013869,128
512,536084479,803471361,137706077187,274608160771,137438168063,274340773889,1347583783,1.142103,1.179744,1.241646,2.071207,1.792047,1.936207,2.616538,128
512,536084479,803471361,137706077187,274608160771,137438168063,274340773889,1347583783,1.132096,1.265863,1.211145,2.028597,1.839847,1.918774,2.733500,128
512,536084479,803471361,137706077187,274608160771,137438168063,274340773889,1347583783,1.111698,1.155962,1.253761,2.067154,1.894387,2.057182,2.899100,128
512,536084479,803471361,137706077187,274608160771,137438168063,274340773889,1347583783,1.183383,1.158566,1.258104,2.133000,1.850202,1.943710,2.753820,128
512,536084479,803471361,137706077187,274608160771,137438168063,274340773889,1347583783,1.214196,1.143149,1.218164,2.040478,1.772849,2.065546,2.786309,128
512,536084479,803471361,137706077187,274608160771,137438168063,274340773889,1347583783,1.236114,1.196903,1.246985,2.045621,1.812670,2.517776,3.247410,128
512,536084479,803471361,137706077187,274608160771,137438168063,274340773889,1347583783,1.175700,1.217790,1.285195,2.098433,1.830032,1.994766,2.806475,128
512,536084479,803471361,137706077187,274608160771,137438168063,274340773889,1347583783,1.222287,1.285105,1.294678,2.127817,1.824913,1.946077,2.776882,128
512,536084479,803471361,137706077187,274608160771,137438168063,274340773889,1347583783,1.237721,1.156312,1.279675,2.107830,1.837604,2.013525,2.843869,128
512,536084479,803471361,137706077187,274608160771,137438168063,274340773889,1347583783,1.225917,1.159620,1.275513,2.123955,1.829996,2.068147,2.892762,128
512,536084479,803471361,137706077187,274608160771,137438168063,274340773889,1347583783,1.231371,1.294141,1.271932,2.055257,1.842025,2.061797,2.772215,128
512,536084479,803471361,137706077187,274608160771,137438168063,274340773889,1347583783,1.156006,1.372313,1.257086,2.029015,1.816733,2.001669,2.822137,128
512,536084479,803471361,137706077187,274608160771,137438168063,274340773889,1347583783,1.249800,1.189518,1.215937,1.989708,1.782232,2.110111,2.842327,128
512,536084479,803471361,137706077187,274608160771,137438168063,274340773889,1347583783,1.151790,1.319094,1.296681,2.228058,1.854269,2.140026,2.877373,128
512,536084479,803471361,137706077187,274608160771,137438168063,274340773889,1347583783,1.186997,1.224278,1.293973,2.132512,1.775206,1.940750,2.653242,128
512,536084479,803471361,137706077187,274608160771,137438168063,274340773889,1347583783,1.194632,1.204347,1.292607,2.203608,1.858543,1.971118,2.725262,128
512,536084479,803471361,137706077187,274608160771,137438168063,274340773889,1347583783,1.179055,1.264127,1.283732,2.268293,1.861665,2.171444,2.862725,128
512,536084479,803471361,137706077187,274608160771,137438168063,274340773889,1347583783,1.167894,1.296701,1.278219,2.057074,1.804790,2.364764,3.065458,128
512,536084479,803471361,137706077187,274608160771,137438168063,274340773889,1347583783,1.101482,1.240730,1.200626,2.550932,1.822383,2.643161,3.393796,128
512,536084479,803471361,137706077187,274608160771,137438168063,274340773889,1347583783,1.075450,1.164675,1.218338,2.124318,1.844219,2.447877,3.130863,128
512,536084479,803471361,137706077187,274608160771,137438168063,274340773889,1347583783,1.120534,1.203723,1.219879,2.031278,1.807509,1.952481,2.661119,128
512,536084479,803471361,137706077187,274608160771,137438168063,274340773889,1347583783,1.224837,1.302152,1.207933,2.104128,1.803543,1.927178,2.642877,128
512,536084479,803471361,137706077187,274608160771,137438168063,274340773889,1347583783,1.228365,1.287053,1.200146,2.091979,1.815059,1.937439,2.647621,128
512,536084479,803471361,137706077187,274608160771,137438168063,274340773889,1347583783,1.174385,1.260846,1.211208,2.087566,1.836578,1.945447,2.662258,128
512,536084479,803471361,137706077187,274608160771,137438168063,274340773889,1347583783,1.238543,1.301928,1.191784,2.094987,1.818529,1.961665,2.743518,128
512,536084479,803471361,137706077187,274608160771,137438168063,274340773889,1347583783,1.244440,1.235781,1.230362,2.103275,1.846329,1.975421,2.791292,128
512,536084479,803471361,137706077187,274608160771,137438168063,274340773889,1347583783,1.232316,1.209503,1.234156,2.079211,1.869969,2.200372,3.018821,128
512,536084479,803471361,137706077187,274608160771,137438168063,274340773889,1347583783,1.159692,1.161468,1.229422,2.013131,1.765428,2.480911,3.261238,128
512,536084479,803471361,137706077187,274608160771,137438168063,274340773889,1347583783,1.126226,1.156852,1.231631,1.994764,1.766710,2.461436,3.226639,128
512,536084479,803471361,137706077187,274608160771,137438168063,274340773889,1347583783,1.119119,1.157116,1.232567,1.980319,1.792927,2.446326,3.206498,128
512,536084479,803471361,137706077187,274608160771,137438168063,274340773889,1347583783,1.115569,1.157429,1.227069,1.981886,1.787374,2.526401,3.290609,128
512,536084479,803471361,137706077187,274608160771,137438168063,274340773889,1347583783,1.115901,1.159646,1.219750,2.021695,1.709635,1.935459,2.617503,128
512,536084479,803471361,137706077187,274608160771,137438168063,274340773889,1347583783,1.236702,1.164023,1.199168,1.993527,1.829941,2.772574,3.580816,128
512,536084479,803471361,137706077187,274608160771,137438168063,274340773889,1347583783,1.156978,1.173926,1.197616,2.003316,1.723113,2.798860,3.602219,128
512,536084479,803471361,137706077187,274608160771,137438168063,274340773889,1347583783,1.142354,1.180737,1.190081,1.985874,1.690606,2.733207,3.520310,128
512,536084479,803471361,137706077187,274608160771,137438168063,274340773889,1347583783,1.166234,1.191640,1.174417,1.999557,1.684136,2.786443,3.587952,128
512,536084479,803471361,137706077187,274608160771,137438168063,274340773889,1347583783,1.151440,1.167712,1.191263,2.004139,1.761849,2.759037,3.573966,128
512,536084479,803471361,137706077187,274608160771,137438168063,274340773889,1347583783,1.122362,1.180266,1.205463,2.013213,1.808114,1.965699,2.677560,128
512,536084479,803471361,137706077187,274608160771,137438168063,274340773889,1347583783,1.161256,1.363559,1.212912,2.015831,1.861490,1.964334,2.675236,128
512,536084479,803471361,137706077187,274608160771,137438168063,274340773889,1347583783,1.203218,1.344553,1.209294,2.060997,1.846472,1.944522,2.645796,128
512,536084479,803471361,137706077187,274608160771,137438168063,274340773889,1347583783,1.231756,1.335052,1.185261,2.080497,1.826326,1.957515,2.663445,128
512,536084479,803471361,137706077187,274608160771,137438168063,274340773889,1347583783,1.242537,1.310028,1.184584,2.070039,1.825805,1.915903,2.612703,128
512,536084479,803471361,137706077187,274608160771,137438168063,274340773889,1347583783,1.228350,1.368485,1.211241,2.065515,1.818906,1.905046,2.600012,128
512,536084479,803471361,137706077187,274608160771,137438168063,274340773889,1347583783,1.206781,1.330649,1.184722,2.066783,1.802638,1.923474,2.619820,128
512,536084479,803471361,137706077187,274608160771,137438168063,274340773889,1347583783,1.201746,1.323299,1.186101,2.069028,1.802468,1.902997,2.606745,128
512,536084479,803471361,137706077187,274608160771,137438168063,274340773889,1347583783,1.225705,1.323790,1.199876,2.071461,1.796967,1.916304,2.630084,128
512,536084479,803471361,137706077187,274608160771,137438168063,274340773889,1347583783,1.241427,1.306240,1.202915,2.071122,1.795574,1.944961,2.686658,128
512,536084479,803471361,137706077187,274608160771,137438168063,274340773889,1347583783,1.238554,1.292713,1.203433,2.069183,1.785484,1.966881,2.773923,128
512,536084479,803471361,137706077187,274608160771,137438168063,274340773889,1347583783,1.141565,1.168804,1.239055,2.014925,1.746217,1.923381,2.730121,128
512,536084479,803471361,137706077187,274608160771,137438168063,274340773889,1347583783,1.223855,1.163836,1.219344,2.003779,1.743152,1.956134,2.765544,128
512,536084479,803471361,137706077187,274608160771,137438168063,274340773889,1347583783,1.230867,1.220593,1.267448,2.094873,1.871839,2.044175,2.864753,128
512,536084479,803471361,137706077187,274608160771,137438168063,274340773889,1347583783,1.211418,1.321435,1.246365,2.024711,1.779771,2.016510,2.783254,128
512,536084479,803471361,137706077187,274608160771,137438168063,274340773889,1347583783,1.191043,1.362999,1.302561,2.205488,1.791221,1.947966,2.662372,128
512,536084479,803471361,137706077187,274608160771,137438168063,274340773889,1347583783,1.154006,1.385368,1.294663,2.230859,1.778370,2.034202,2.733674,128
512,536084479,803471361,137706077187,274608160771,137438168063,274340773889,1347583783,1.258016,1.218392,1.319837,2.061543,1.844918,2.099783,2.836944,128
512,536084479,803471361,137706077187,274608160771,137438168063,274340773889,1347583783,1.219342,1.308509,1.229311,2.234548,1.821982,2.046599,2.846856,128
512,536084479,803471361,137706077187,274608160771,137438168063,274340773889,1347583783,1.261252,1.240551,1.225091,2.028517,1.760958,1.982477,2.759440,128
512,536084479,803471361,137706077187,274608160771,137438168063,274340773889,1347583783,1.182896,1.254456,1.336754,2.307708,1.824448,1.968023,2.786594,128
512,536084479,803471361,137706077187,274608160771,137438168063,274340773889,1347583783,1.211510,1.200332,1.277089,2.303559,1.774457,1.943884,2.757535,128
512,536084479,803471361,137706077187,274608160771,137438168063,274340773889,1347583783,1.205730,1.222732,1.306434,2.215216,1.789129,1.940381,2.738804,128
512,536084479,803471361,137706077187,274608160771,137438168063,274340773889,1347583783,1.204712,1.234887,1.305233,2.331011,1.920557,2.100802,2.928312,128
512,536084479,803471361,137706077187,274608160771,137438168063,274340773889,1347583783,1.149656,1.163365,1.282752,2.127964,1.859922,2.142971,2.957096,128
512,536084479,803471361,137706077187,274608160771,137438168063,274340773889,1347583783,1.153686,1.327697,1.265894,2.303571,1.761391,1.953592,2.740375,128
512,536084479,803471361,137706077187,274608160771,137438168063,274340773889,1347583783,1.120240,1.229136,1.217467,2.037940,1.752112,1.974854,2.682500,128
512,536084479,803471361,137706077187,274608160771,137438168063,274340773889,1347583783,1.168114,1.267927,1.203677,2.266146,1.727956,1.938757,2.639350,128
512,536084479,803471361,137706077187,274608160771,137438168063,274340773889,1347583783,1.164026,1.195697,1.249683,2.345968,1.820500,2.095242,2.915330,128
512,536084479,803471361,137706077187,274608160771,137438168063,274340773889,1347583783,1.219169,1.161334,1.226345,2.170471,1.750992,1.948485,2.639020,128
512,536084479,803471361,137706077187,274608160771,137438168063,274340773889,1347583783,1.214107,1.264642,1.255246,2.364422,1.759825,2.049539,2.814573,128
512,536084479,803471361,137706077187,274608160771,137438168063,274340773889,1347583783,1.222478,1.250083,1.287990,2.171724,1.949951,2.085612,2.896747,128
512,536084479,803471361,137706077187,274608160771,137438168063,274340773889,1347583783,1.210914,1.222864,1.295239,2.290199,1.955469,2.050910,2.873651,128
512,536084479,803471361,137706077187,274608160771,137438168063,274340773889,1347583783,1.166313,1.195554,1.198180,2.069704,1.941044,2.069301,2.863375,128
512,536084479,803471361,137706077187,274608160771,137438168063,274340773889,1347583783,1.133253,1.274733,1.213983,2.109229,1.823221,2.148090,2.920918,128
512,536084479,803471361,137706077187,274608160771,137438168063,274340773889,1347583783,1.171659,1.264239,1.218323,2.285825,1.904044,2.046152,2.798707,128
512,536084479,803471361,137706077187,274608160771,137438168063,274340773889,1347583783,1.137642,1.294590,1.276204,2.375854,1.873499,2.054045,2.811425,128
512,536084479,803471361,137706077187,274608160771,137438168063,274340773889,1347583783,1.175771,1.299480,1.304882,2.233263,1.884303,2.040496,2.792469,128
512,536084479,803471361,137706077187,274608160771,137438168063,274340773889,1347583783,1.217891,1.192708,1.276846,2.120776,1.797720,1.990076,2.806818,128
512,536084479,803471361,137706077187,274608160771,137438168063,274340773889,1347583783,1.189998,1.203184,1.277904,2.122324,1.793410,1.978292,2.808703,128
512,536084479,803471361,137706077187,274608160771,137438168063,274340773889,1347583783,1.179316,1.183287,1.217492,2.557340,1.790790,2.036349,2.823806,128
512,536084479,803471361,137706077187,274608160771,137438168063,274340773889,1347583783,1.182379,1.203358,1.239059,1.996383,1.727972,1.886508,2.589017,128
512,536084479,803471361,137706077187,274608160771,137438168063,274340773889,1347583783,1.179653,1.187581,1.279245,2.165821,1.781253,2.057945,2.865841,128
512,536084479,803471361,137706077187,274608160771,137438168063,274340773889,1347583783,1.158347,1.204195,1.244566,2.539233,1.741843,1.952998,2.702505,128
512,536084479,803471361,137706077187,274608160771,137438168063,274340773889,1347583783,1.208622,1.194628,1.274199,2.060352,1.840884,1.989380,2.720221,128
512,536084479,803471361,137706077187,274608160771,137438168063,274340773889,1347583783,1.167026,1.285513,1.278124,2.119657,1.763050,1.967353,2.806853,128
512,536084479,803471361,137706077187,274608160771,137438168063,274340773889,1347583783,1.283503,1.193518,1.278396,2.234081,1.801364,2.071874,2.889070,128
512,536084479,803471361,137706077187,274608160771,137438168063,274340773889,1347583783,1.188457,1.180969,1.261759,2.134056,1.890006,2.035285,2.836892,128
512,536084479,803471361,137706077187,274608160771,137438168063,274340773889,1347583783,1.181684,1.330102,1.242873,2.255567,1.921727,2.063589,2.782814,128
512,536084479,803471361,137706077187,274608160771,137438168063,274340773889,1347583783,1.221532,1.180896,1.278837,2.093541,1.933328,1.981534,2.802507,128
512,536084479,803471361,137706077187,274608160771,137438168063,274340773889,1347583783,1.120722,1.165084,1.212367,2.025628,1.797601,1.950902,2.670136,128
512,536084479,803471361,137706077187,274608160771,137438168063,274340773889,1347583783,1.190693,1.289658,1.339496,2.511431,2.089579,2.504778,3.214862,128
512,536084479,803471361,137706077187,274608160771,137438168063,274340773889,1347583783,1.160203,1.321061,1.258408,2.341444,1.871688,1.942093,2.651842,128
512,536084479,803471361,137706077187,274608160771,137438168063,274340773889,1347583783,1.098050,1.254992,1.232320,2.040388,1.775281,1.932450,2.702714,128
512,536084479,803471361,137706077187,274608160771,137438168063,274340773889,1347583783,1.157898,1.296948,1.210590,2.081641,1.844562,2.026410,2.728114,128
512,536084479,803471361,137706077187,274608160771,137438168063,274340773889,1347583783,1.217196,1.313440,1.202406,2.116453,1.913018,2.108308,2.852419,128
512,536084479,803471361,137706077187,274608160771,137438168063,274340773889,1347583783,1.144613,1.288809,1.245878,2.326328,1.782319,2.594448,3.324261,128
512,536084479,803471361,137706077187,274608160771,137438168063,274340773889,1347583783,1.115408,1.186474,1.241539,2.243171,1.769169,2.558293,3.275909,128
512,536084479,803471361,137706077187,274608160771,137438168063,274340773889,1347583783,1.135071,1.194381,1.226675,2.141680,1.789267,2.460273,3.153693,128
512,536084479,803471361,137706077187,274608160771,137438168063,274340773889,1347583783,1.127406,1.178533,1.244458,2.331604,1.764140,2.634332,3.342276,128
512,536084479,803471361,137706077187,274608160771,137438168063,274340773889,1347583783,1.119495,1.299591,1.200687,2.464128,1.794770,2.163581,2.859161,128
512,536084479,803471361,137706077187,274608160771,137438168063,274340773889,1347583783,1.156476,1.307257,1.227293,2.434835,1.781504,2.236056,2.950977,128
512,536084479,803471361,137706077187,274608160771,137438168063,274340773889,1347583783,1.154726,1.301715,1.254659,2.224232,1.844422,1.927422,2.711491,128
512,536084479,803471361,137706077187,274608160771,137438168063,274340773889,1347583783,1.211665,1.232041,1.264826,2.364879,1.772205,1.937987,2.757442,128
512,536084479,803471361,137706077187,274608160771,137438168063,274340773889,1347583783,1.200803,1.206534,1.228655,2.431715,1.780074,1.935925,2.740190,128
512,536084479,803471361,137706077187,274608160771,137438168063,274340773889,1347583783,1.190475,1.239346,1.263740,1.932204,1.755855,1.955839,2.637836,128
512,536084479,803471361,137706077187,274608160771,137438168063,274340773889,1347583783,1.109440,1.317584,1.186077,1.989666,1.754059,1.952981,2.643239,128
512,536084479,803471361,137706077187,274608160771,137438168063,274340773889,1347583783,1.158735,1.297869,1.190368,1.990099,1.756870,1.956917,2.652235,128
512,536084479,803471361,137706077187,274608160771,137438168063,274340773889,1347583783,1.222773,1.226254,1.226880,1.987913,1.720806,1.944247,2.683204,128
512,536084479,803471361,137706077187,274608160771,137438168063,274340773889,1347583783,1.240100,1.289569,1.210314,1.953733,1.726480,1.922178,2.619251,128
512,536084479,803471361,137706077187,274608160771,137438168063,274340773889,1347583783,1.247476,1.232932,1.222048,1.973191,1.709231,1.941068,2.629021,128
512,536084479,803471361,137706077187,274608160771,137438168063,274340773889,1347583783,1.274600,1.217020,1.223549,1.970870,1.727908,1.927461,2.620684,128
512,536084479,803471361,137706077187,274608160771,137438168063,274340773889,1347583783,1.116761,1.309858,1.185823,1.969768,1.706847,1.869051,2.561127,128
512,536084479,803471361,137706077187,274608160771,137438168063,274340773889,1347583783,1.092872,1.151304,1.208860,1.950966,1.720602,1.899110,2.708889,128
512,536084479,803471361,137706077187,274608160771,137438168063,274340773889,1347583783,1.146124,1.151295,1.202575,1.987647,1.717742,1.909368,2.594238,128
512,536084479,803471361,137706077187,274608160771,137438168063,274340773889,1347583783,1.214416,1.206776,1.207502,1.984181,1.741196,1.906807,2.580316,128
512,536084479,803471361,137706077187,274608160771,137438168063,274340773889,1347583783,1.155005,1.239592,1.207323,1.990503,1.721042,1.925734,2.592819,128
512,536084479,803471361,137706077187,274608160771,137438168063,274340773889,1347583783,1.236734,1.158648,1.200432,1.944968,1.744671,1.915814,2.584034,128
512,536084479,803471361,137706077187,274608160771,137438168063,274340773889,1347583783,1.191471,1.223487,1.197581,1.968505,1.743382,1.956371,2.625304,128
512,536084479,803471361,137706077187,274608160771,137438168063,274340773889,1347583783,1.242863,1.164365,1.197808,1.953722,1.778248,1.938805,2.769843,128
512,536084479,803471361,137706077187,274608160771,137438168063,274340773889,1347583783,1.111905,1.149783,1.204994,1.926629,1.771967,1.928824,2.722891,128
512,536084479,803471361,137706077187,274608160771,137438168063,274340773889,1347583783,1.104395,1.147155,1.200936,1.889947,1.773100,1.939767,2.744697,128
512,536084479,803471361,137706077187,274608160771,137438168063,274340773889,1347583783,1.107356,1.158806,1.197638,1.898948,1.771436,1.942626,2.644200,128
512,536084479,803471361,137706077187,274608160771,137438168063,274340773889,1347583783,1.107674,1.226318,1.204514,1.903163,1.811712,1.926610,2.720069,128
512,536084479,803471361,137706077187,274608160771,137438168063,274340773889,1347583783,1.182675,1.242864,1.285820,2.110934,1.837702,1.990145,2.690007,128
512,536084479,803471361,137706077187,274608160771,137438168063,274340773889,1347583783,1.141959,1.285557,1.223044,1.957997,1.748967,1.913933,2.701138,128
512,536084479,803471361,137706077187,274608160771,137438168063,274340773889,1347583783,1.131968,1.153362,1.205851,1.988094,1.761565,1.932181,2.672887,128
512,536084479,803471361,137706077187,274608160771,137438168063,274340773889,1347583783,1.168866,1.145332,1.202757,1.993866,1.737294,1.932049,2.730452,128
512,536084479,803471361,137706077187,274608160771,137438168063,274340773889,1347583783,1.095656,1.154568,1.205926,1.976786,1.703019,1.908384,2.603629,128
512,536084479,803471361,137706077187,274608160771,137438168063,274340773889,1347583783,1.091418,1.157138,1.219361,1.967557,1.717096,1.902428,2.581098,128
512,536084479,803471361,137706077187,274608160771,137438168063,274340773889,1347583783,1.085034,1.156890,1.224707,1.942917,1.728053,1.910490,2.579513,128
512,536084479,803471361,137706077187,274608160771,137438168063,274340773889,1347583783,1.092646,1.217473,1.244807,2.234479,1.795658,1.913667,2.697847,128
512,536084479,803471361,137706077187,274608160771,137438168063,274340773889,1347583783,1.198270,1.233206,1.252318,2.342679,1.759817,1.931420,2.722780,128
512,536084479,803471361,137706077187,274608160771,137438168063,274340773889,1347583783,1.206397,1.226198,1.290318,2.230144,1.786307,1.932054,2.747899,128
512,536084479,803471361,137706077187,274608160771,137438168063,274340773889,1347583783,1.203069,1.274563,1.197048,1.976770,1.749045,1.929796,2.698146,128
512,536084479,803471361,137706077187,274608160771,137438168063,274340773889,1347583783,1.226676,1.282472,1.203771,1.983698,1.764077,1.928578,2.601270,128
512,536084479,803471361,137706077187,274608160771,137438168063,274340773889,1347583783,1.265791,1.213429,1.228865,1.980804,1.775565,1.943954,2.625982,128
512,536084479,803471361,137706077187,274608160771,137438168063,274340773889,1347583783,1.197399,1.237344,1.218724,1.995988,1.764254,1.941908,2.613656,128
512,536084479,803471361,137706077187,274608160771,137438168063,274340773889,1347583783,1.245993,1.214002,1.219438,1.996811,1.749984,1.964414,2.634251,128
512,536084479,803471361,137706077187,274608160771,137438168063,274340773889,1347583783,1.173223,1.241963,1.219587,2.000340,1.720888,1.947560,2.621696,128
512,536084479,803471361,137706077187,274608160771,137438168063,274340773889,1347583783,1.092165,1.281935,1.194412,1.984297,1.714998,1.935875,2.607907,128
512,536084479,803471361,137706077187,274608160771,137438168063,274340773889,1347583783,1.084971,1.150719,1.205441,1.975798,1.719304,1.920974,2.718652,128
512,536084479,803471361,137706077187,274608160771,137438168063,274340773889,1347583783,1.141668,1.142160,1.210518,1.990873,1.731711,1.916113,2.724486,128
512,536084479,803471361,137706077187,274608160771,137438168063,274340773889,1347583783,1.149414,1.124094,1.192312,1.984778,1.679323,1.920658,2.595031,128
512,536084479,803471361,137706077187,274608160771,137438168063,274340773889,1347583783,1.181340,1.222036,1.190081,1.987780,1.686145,1.883999,2.673066,128
512,536084479,803471361,137706077187,274608160771,137438168063,274340773889,1347583783,1.104100,1.174615,1.227699,2.006380,1.743918,1.911267,2.717578,128
512,536084479,803471361,137706077187,274608160771,137438168063,274340773889,1347583783,1.208385,1.146798,1.211651,1.965603,1.746365,1.947125,2.751737,128
512,536084479,803471361,137706077187,274608160771,137438168063,274340773889,1347583783,1.225222,1.193935,1.192382,1.927823,1.738069,1.944544,2.648356,128
512,536084479,803471361,137706077187,274608160771,137438168063,274340773889,1347583783,1.260840,1.177090,1.223735,1.953844,1.761247,1.957176,2.637710,128
512,536084479,803471361,137706077187,274608160771,137438168063,274340773889,1347583783,1.089062,1.292556,1.195428,1.953847,1.747608,1.942497,2.617362,128
512,536084479,803471361,137706077187,274608160771,137438168063,274340773889,1347583783,1.085645,1.157885,1.218125,1.949238,1.753925,1.903787,2.583834,128
512,536084479,803471361,137706077187,274608160771,137438168063,274340773889,1347583783,1.091821,1.165629,1.221159,1.961337,1.728111,1.929472,2.605639,128
512,536084479,803471361,137706077187,274608160771,137438168063,274340773889,1347583783,1.113942,1.263934,1.199723,1.976547,1.705000,1.914260,2.595003,128
512,536084479,803471361,137706077187,274608160771,137438168063,274340773889,1347583783,1.103577,1.154120,1.211392,1.972441,1.721416,1.920587,2.734061,128
512,536084479,803471361,137706077187,274608160771,137438168063,274340773889,1347583783,1.092912,1.157897,1.196924,1.987685,1.730238,1.916287,2.623022,128
512,536084479,803471361,137706077187,274608160771,137438168063,274340773889,1347583783,1.235535,1.160470,1.191592,1.993006,1.723656,1.921338,2.618019,128
512,536084479,803471361,137706077187,274608160771,137438168063,274340773889,1347583783,1.230895,1.146622,1.204365,1.989721,1.689629,1.906076,2.637339,128
512,536084479,803471361,137706077187,274608160771,137438168063,274340773889,1347583783,1.143384,1.336144,1.235621,2.350742,1.711886,1.918650,2.717960,128
512,536084479,803471361,137706077187,274608160771,137438168063,274340773889,1347583783,1.164387,1.227070,1.172547,2.606756,1.746462,1.924826,2.727013,128
512,536084479,803471361,137706077187,274608160771,137438168063,274340773889,1347583783,1.205266,1.196977,1.212480,2.426335,1.785927,1.933708,2.719000,128
512,536084479,803471361,137706077187,274608160771,137438168063,274340773889,1347583783,1.200562,1.263338,1.270056,2.192786,1.839724,1.897242,2.586733,128
512,536084479,803471361,137706077187,274608160771,137438168063,274340773889,1347583783,1.187999,1.296363,1.252815,2.265748,1.731907,1.875203,2.581987,128
512,536084479,803471361,137706077187,274608160771,137438168063,274340773889,1347583783,1.109865,1.295806,1.208821,2.014828,1.696860,1.897121,2.614964,128
512,536084479,803471361,137706077187,274608160771,137438168063,274340773889,1347583783,1.109337,1.278213,1.208873,2.012192,1.750873,1.868374,2.546942,128
512,536084479,803471361,137706077187,274608160771,137438168063,274340773889,1347583783,1.114531,1.259689,1.206335,2.008114,1.703487,1.923051,2.588512,128
512,536084479,803471361,137706077187,274608160771,137438168063,274340773889,1347583783,1.204086,1.167212,1.209321,1.994632,1.682464,1.917663,2.584841,128
512,536084479,803471361,137706077187,274608160771,137438168063,274340773889,1347583783,1.137131,1.177301,1.239660,1.993634,1.832977,2.256355,2.933537,128
512,536084479,803471361,137706077187,274608160771,137438168063,274340773889,1347583783,1.119299,1.172488,1.241747,1.945079,1.842119,2.178584,2.866634,128
512,536084479,803471361,137706077187,274608160771,137438168063,274340773889,1347583783,1.120142,1.171263,1.241062,2.080157,1.776506,2.507359,3.197059,128
512,536084479,803471361,137706077187,274608160771,137438168063,274340773889,1347583783,1.123970,1.189061,1.237774,2.133234,1.795188,2.454245,3.136823,128
512,536084479,803471361,137706077187,274608160771,137438168063,274340773889,1347583783,1.125280,1.182290,1.236190,2.089441,1.829944,2.496465,3.186422,128
512,536084479,803471361,137706077187,274608160771,137438168063,274340773889,1347583783,1.137254,1.170558,1.231661,2.064476,1.747733,1.944175,2.762849,128
512,536084479,803471361,137706077187,274608160771,137438168063,274340773889,1347583783,1.180598,1.253514,1.190681,1.927538,1.745655,1.940097,2.761002,128
512,536084479,803471361,137706077187,274608160771,137438168063,274340773889,1347583783,1.177867,1.314155,1.184778,1.931002,1.744386,1.951919,2.738414,128
512,536084479,803471361,137706077187,274608160771,137438168063,274340773889,1347583783,1.216898,1.304605,1.198964,1.952510,1.747878,1.958467,2.687893,128
512,536084479,803471361,137706077187,274608160771,137438168063,274340773889,1347583783,1.265416,1.257355,1.216103,1.964032,1.838926,2.117803,2.906411,128
512,536084479,803471361,137706077187,274608160771,137438168063,274340773889,1347583783,1.181480,1.305452,1.269145,2.111855,1.924215,2.129351,2.881888,128
512,536084479,803471361,137706077187,274608160771,137438168063,274340773889,1347583783,1.252263,1.334628,1.318446,2.227008,1.815493,1.968914,2.689746,128
512,536084479,803471361,137706077187,274608160771,137438168063,274340773889,1347583783,1.152010,1.298533,1.289547,2.170831,1.972921,2.018667,2.715789,128
512,536084479,803471361,137706077187,274608160771,137438168063,274340773889,1347583783,1.248384,1.283309,1.408598,2.225992,1.989939,2.056642,2.755827,128
512,536084479,803471361,137706077187,274608160771,137438168063,274340773889,1347583783,1.108375,1.297582,1.283564,2.270568,1.831769,2.005496,2.707753,128
512,536084479,803471361,137706077187,274608160771,137438168063,274340773889,1347583783,1.154932,1.240463,1.375024,2.207829,1.768482,2.203587,2.908831,128
512,536084479,803471361,137706077187,274608160771,137438168063,274340773889,1347583783,1.183042,1.292362,1.359571,2.128205,1.919081,2.566689,3.302149,128
512,536084479,803471361,137706077187,274608160771,137438168063,274340773889,1347583783,1.232732,1.235937,1.285391,2.229299,1.918844,2.251429,3.042097,128
512,536084479,803471361,137706077187,274608160771,137438168063,274340773889,1347583783,1.180789,1.261411,1.316813,2.071446,1.787261,2.178640,3.000402,128
512,536084479,803471361,137706077187,274608160771,137438168063,274340773889,1347583783,1.155275,1.222112,1.265525,2.225146,1.825538,2.025373,2.788803,128
512,536084479,803471361,137706077187,274608160771,137438168063,274340773889,1347583783,1.192544,1.237992,1.294745,2.583743,1.836872,2.085523,2.888401,128
512,536084479,803471361,137706077187,274608160771,137438168063,274340773889,1347583783,1.227388,1.237190,1.271742,2.114922,1.822159,2.100681,2.808479,128
512,536084479,803471361,137706077187,274608160771,137438168063,274340773889,1347583783,1.215072,1.217989,1.300791,2.300817,1.943053,1.991862,2.771275,128
512,536084479,803471361,137706077187,274608160771,137438168063,274340773889,1347583783,1.176462,1.275597,1.257650,2.007598,1.713869,2.099801,2.812964,128
512,536084479,803471361,137706077187,274608160771,137438168063,274340773889,1347583783,1.153410,1.236657,1.249786,2.105662,1.750109,1.941164,2.650431,128
512,536084479,803471361,137706077187,274608160771,137438168063,274340773889,1347583783,1.177458,1.213241,1.251924,2.233650,1.879533,1.958128,2.660626,128
512,536084479,803471361,137706077187,274608160771,137438168063,274340773889,1347583783,1.182400,1.260835,1.273418,2.045294,1.796011,2.096285,2.794162,128
512,536084479,803471361,137706077187,274608160771,137438168063,274340773889,1347583783,1.183447,1.309993,1.276853,2.122349,1.803388,2.050190,2.744064,128
512,536084479,803471361,137706077187,274608160771,137438168063,274340773889,1347583783,1.140840,1.283189,1.242563,1.971815,1.820361,2.452106,3.117646,128
512,536084479,803471361,137706077187,274608160771,137438168063,274340773889,1347583783,1.108640,1.172798,1.243447,2.004591,1.815307,2.330873,3.015618,128
512,536084479,803471361,137706077187,274608160771,137438168063,274340773889,1347583783,1.109823,1.340993,1.239852,1.997129,1.905786,2.286812,2.994106,128
512,536084479,803471361,137706077187,274608160771,137438168063,274340773889,1347583783,1.200465,1.282849,1.250682,2.053203,1.863265,2.327971,3.012131,128
512,536084479,803471361,137706077187,274608160771,137438168063,274340773889,1347583783,1.106276,1.163462,1.231342,2.164569,1.860473,1.980952,2.654344,128
512,536084479,803471361,137706077187,274608160771,137438168063,274340773889,1347583783,1.123935,1.203661,1.254604,2.022480,1.833411,2.314351,3.007541,128
512,536084479,803471361,137706077187,274608160771,137438168063,274340773889,1347583783,1.136032,1.231532,1.227536,2.118696,1.843325,2.298098,2.992217,128
512,536084479,803471361,137706077187,274608160771,137438168063,274340773889,1347583783,1.107939,1.169413,1.243562,1.993315,1.864799,2.259029,2.951156,128
512,536084479,803471361,137706077187,274608160771,137438168063,274340773889,1347583783,1.109554,1.170929,1.258528,2.042012,1.814582,1.980601,2.663595,128
512,536084479,803471361,137706077187,274608160771,137438168063,274340773889,1347583783,1.095321,1.178030,1.244206,2.062760,1.904343,2.456751,3.167321,128
512,536084479,803471361,137706077187,274608160771,137438168063,274340773889,1347583783,1.108671,1.196743,1.273761,2.049336,1.858666,2.277432,2.963976,128
512,536084479,803471361,137706077187,274608160771,137438168063,274340773889,1347583783,1.126572,1.183264,1.240535,2.065154,1.837910,2.173984,2.860011,128
512,536084479,803471361,137706077187,274608160771,137438168063,274340773889,1347583783,1.122451,1.236574,1.262336,2.115174,1.924065,2.071746,2.787278,128
512,536084479,803471361,137706077187,274608160771,137438168063,274340773889,1347583783,1.163750,1.194967,1.248661,2.058209,1.836484,2.062849,2.803347,128
512,536084479,803471361,137706077187,274608160771,137438168063,274340773889,1347583783,1.210990,1.141440,1.244406,2.051692,1.833436,2.400920,3.179522,128
512,536084479,803471361,137706077187,274608160771,137438168063,274340773889,1347583783,1.120791,1.201898,1.267470,2.172701,1.854011,2.355187,3.089179,128
512,536084479,803471361,137706077187,274608160771,137438168063,274340773889,1347583783,1.112129,1.276325,1.233299,2.043962,1.805075,1.971436,2.672695,128
512,536084479,803471361,137706077187,274608160771,137438168063,274340773889,1347583783,1.199133,1.275703,1.243046,1.978520,1.743640,1.933584,2.682602,128
512,536084479,803471361,137706077187,274608160771,137438168063,274340773889,1347583783,1.102685,1.246049,1.271157,1.998948,1.751856,2.159616,2.957475,128
512,536084479,803471361,137706077187,274608160771,137438168063,274340773889,1347583783,1.154429,1.198785,1.265298,2.306427,1.843291,2.066540,2.799454,128
512,536084479,803471361,137706077187,274608160771,137438168063,274340773889,1347583783,1.130986,1.291264,1.236208,2.293214,1.893562,2.041177,2.756276,128
512,536084479,803471361,137706077187,274608160771,137438168063,274340773889,1347583783,1.180488,1.207853,1.267441,2.035688,1.910261,2.168968,2.858969,128
512,536084479,803471361,137706077187,274608160771,137438168063,274340773889,1347583783,1.104138,1.304436,1.233912,2.212162,1.805918,1.940233,2.715021,128
512,536084479,803471361,137706077187,274608160771,137438168063,274340773889,1347583783,1.117183,1.208407,1.263616,2.078883,1.800649,1.976901,2.723706,128
512,536084479,803471361,137706077187,274608160771,137438168063,274340773889,1347583783,1.121919,1.247858,1.231107,2.016976,1.871548,1.977554,2.696390,128
512,536084479,803471361,137706077187,274608160771,137438168063,274340773889,1347583783,1.195366,1.267992,1.309134,2.305204,1.934527,2.159520,2.877656,128
512,536084479,803471361,137706077187,274608160771,137438168063,274340773889,1347583783,1.117529,1.164668,1.223250,1.922118,1.902064,2.113841,2.816597,128
512,536084479,803471361,137706077187,274608160771,137438168063,274340773889,1347583783,1.103637,1.157846,1.244898,2.398539,1.797140,2.063949,2.882801,128
512,536084479,803471361,137706077187,274608160771,137438168063,274340773889,1347583783,1.173438,1.223281,1.299494,2.144862,1.863139,2.119376,2.910344,128
512,536084479,803471361,137706077187,274608160771,137438168063,274340773889,1347583783,1.160239,1.255330,1.306013,2.156322,1.925473,1.988274,2.684949,128
512,536084479,803471361,137706077187,274608160771,137438168063,274340773889,1347583783,1.165410,1.281098,1.262213,2.160279,1.821828,2.033592,2.827643,128
512,536084479,803471361,137706077187,274608160771,137438168063,274340773889,1347583783,1.142872,1.168775,1.247335,2.248696,1.858351,1.930264,2.652056,128
512,536084479,803471361,137706077187,274608160771,137438168063,274340773889,1347583783,1.126219,1.207566,1.330645,2.074915,1.883316,2.112510,2.825825,128
512,536084479,803471361,137706077187,274608160771,137438168063,274340773889,1347583783,1.173579,1.265990,1.309158,2.041301,1.868051,2.066250,2.765397,128
512,536084479,803471361,137706077187,274608160771,137438168063,274340773889,1347583783,1.154269,1.168405,1.240470,2.112388,1.872905,1.986595,2.674317,128
512,536084479,803471361,137706077187,274608160771,137438168063,274340773889,1347583783,1.224176,1.153643,1.226654,2.214539,1.841356,1.950539,2.632885,128
512,536084479,803471361,137706077187,274608160771,137438168063,274340773889,1347583783,1.185701,1.229697,1.233581,2.049991,1.901980,1.976938,2.677580,128
512,536084479,803471361,137706077187,274608160771,137438168063,274340773889,1347583783,1.171645,1.283851,1.281696,2.307946,1.834334,2.025302,2.692225,128
512,536084479,803471361,137706077187,274608160771,137438168063,274340773889,1347583783,1.206763,1.195879,1.261014,2.015840,1.795383,2.036768,2.736199,128
512,536084479,803471361,137706077187,274608160771,137438168063,274340773889,1347583783,1.168518,1.312920,1.254330,2.046878,1.793649,2.073572,2.827659,128
512,536084479,803471361,137706077187,274608160771,137438168063,274340773889,1347583783,1.115972,1.178672,1.252351,2.076447,1.922038,2.161924,2.881626,128
512,536084479,803471361,137706077187,274608160771,137438168063,274340773889,1347583783,1.162831,1.214487,1.267324,2.073303,1.829139,1.987727,2.798248,128
512,536084479,803471361,137706077187,274608160771,137438168063,274340773889,1347583783,1.156574,1.189292,1.215574,2.079007,1.818329,2.002474,2.820907,128
512,536084479,803471361,137706077187,274608160771,137438168063,274340773889,1347583783,1.210340,1.196717,1.326952,2.051957,1.866098,2.119032,2.964451,128
512,536084479,803471361,137706077187,274608160771,137438168063,274340773889,1347583783,1.177131,1.307005,1.309623,1.980448,1.729692,1.937103,2.705350,128
512,536084479,803471361,137706077187,274608160771,137438168063,274340773889,1347583783,1.170046,1.205267,1.287367,2.167564,1.825913,1.993135,2.775560,128
512,536084479,803471361,137706077187,274608160771,137438168063,274340773889,1347583783,1.192771,1.266587,1.332899,2.219165,1.767634,2.100707,2.819847,128
512,536084479,803471361,137706077187,274608160771,137438168063,274340773889,1347583783,1.123451,1.303941,1.196740,1.993701,1.777161,2.068118,2.866944,128
512,536084479,803471361,137706077187,274608160771,137438168063,274340773889,1347583783,1.134870,1.241190,1.266426,2.011732,1.818277,1.959283,2.634612,128
512,536084479,803471361,137706077187,274608160771,137438168063,274340773889,1347583783,1.110628,1.146743,1.244850,2.172641,1.876782,2.019554,2.697693,128
512,536084479,803471361,137706077187,274608160771,137438168063,274340773889,1347583783,1.100138,1.178038,1.209148,2.117990,1.870533,2.020984,2.817876,128
512,536084479,803471361,137706077187,274608160771,137438168063,274340773889,1347583783,1.147465,1.263065,1.304415,2.205105,2.033962,2.031049,2.754290,128
512,536084479,803471361,137706077187,274608160771,137438168063,274340773889,1347583783,1.137628,1.190151,1.279413,2.063355,1.763972,2.102764,2.812887,128
512,536084479,803471361,137706077187,274608160771,137438168063,274340773889,1347583783,1.201381,1.224784,1.271213,2.016568,1.701126,1.974053,2.663401,128
512,536084479,803471361,137706077187,274608160771,137438168063,274340773889,1347583783,1.149369,1.215624,1.249202,1.992713,1.756723,2.109613,2.912515,128
512,536084479,803471361,137706077187,274608160771,137438168063,274340773889,1347583783,1.127480,1.219632,1.319954,2.146014,1.809307,2.067557,2.883700,128
512,536084479,803471361,137706077187,274608160771,137438168063,274340773889,1347583783,1.186389,1.242786,1.277062,2.023339,1.886418,2.039176,2.857984,128
512,536084479,803471361,137706077187,274608160771,137438168063,274340773889,1347583783,1.153568,1.233495,1.259375,1.948019,1.719726,1.945128,2.717783,128
512,536084479,803471361,137706077187,274608160771,137438168063,274340773889,1347583783,1.210685,1.209327,1.306255,2.189289,1.813539,1.966233,2.695251,128
512,536084479,803471361,137706077187,274608160771,137438168063,274340773889,1347583783,1.170882,1.225797,1.284916,2.124978,1.802165,1.988700,2.809730,128
512,536084479,803471361,137706077187,274608160771,137438168063,274340773889,1347583783,1.177657,1.155797,1.220074,2.581655,1.777124,2.005428,2.794930,128
512,536084479,803471361,137706077187,274608160771,137438168063,274340773889,1347583783,1.161094,1.256638,1.260719,2.511472,1.740264,1.991852,2.770822,128
512,536084479,803471361,137706077187,274608160771,137438168063,274340773889,1347583783,1.170340,1.210763,1.276060,2.514834,1.866259,2.119423,2.830438,128
512,536084479,803471361,137706077187,274608160771,137438168063,274340773889,1347583783,1.126245,1.303170,1.267366,2.213941,1.783778,1.986960,2.679189,128
512,536084479,803471361,137706077187,274608160771,137438168063,274340773889,1347583783,1.103986,1.139909,1.223806,2.026637,1.868251,2.048247,2.825370,128
512,536084479,803471361,137706077187,274608160771,137438168063,274340773889,1347583783,1.140858,1.171696,1.233920,2.095250,1.861430,1.993867,2.742578,128
512,536084479,803471361,137706077187,274608160771,137438168063,274340773889,1347583783,1.212628,1.166061,1.203748,2.056921,1.924107,2.199579,2.892526,128
512,536084479,803471361,137706077187,274608160771,137438168063,274340773889,1347583783,1.230195,1.220657,1.228358,2.464723,1.834057,2.339920,3.040486,128
512,536084479,803471361,137706077187,274608160771,137438168063,274340773889,1347583783,1.149982,1.229380,1.231054,2.054670,1.853997,2.026861,2.725499,128
512,536084479,803471361,137706077187,274608160771,137438168063,274340773889,1347583783,1.124295,1.314286,1.252078,2.186052,1.932724,2.104966,2.817941,128
512,536084479,803471361,137706077187,274608160771,137438168063,274340773889,1347583783,1.154465,1.182601,1.254559,2.094443,1.843751,2.166990,2.969733,128
512,536084479,803471361,137706077187,274608160771,137438168063,274340773889,1347583783,1.139761,1.172047,1.263894,2.318690,1.824392,2.457689,3.186839,128
512,536084479,803471361,137706077187,274608160771,137438168063,274340773889,1347583783,1.158461,1.253942,1.277892,2.136298,1.817549,2.399114,3.100841,128
512,536084479,803471361,137706077187,274608160771,137438168063,274340773889,1347583783,1.145509,1.302493,1.244429,2.064557,1.800357,2.548627,3.263752,128
512,536084479,803471361,137706077187,274608160771,137438168063,274340773889,1347583783,1.111665,1.289366,1.222971,2.436361,1.755949,2.654844,3.403366,128
512,536084479,803471361,137706077187,274608160771,137438168063,274340773889,1347583783,1.107787,1.275508,1.202712,2.525208,1.774956,2.485793,3.258629,128
512,536084479,803471361,137706077187,274608160771,137438168063,274340773889,1347583783,1.146905,1.314549,1.322520,2.030370,1.774697,1.989583,2.655632,128
512,536084479,803471361,137706077187,274608160771,137438168063,274340773889,1347583783,1.079649,1.222489,1.261687,1.982512,1.831483,1.704516,2.462337,128
512,536084479,803471361,137706077187,274608160771,137438168063,274340773889,1347583783,1.148220,0.914075,0.644102,1.122378,0.993839,1.036689,1.756619,128
512,536084479,803471361,137706077187,274608160771,137438168063,274340773889,1347583783,1.092935,1.122862,0.718901,1.244271,1.065452,1.709102,2.313060,128
512,536084479,803471361,137706077187,274608160771,137438168063,274340773889,1347583783,0.654443,1.121890,1.304943,2.175986,1.814496,1.814735,2.609858,128
512,536084479,803471361,137706077187,274608160771,137438168063,274340773889,1347583783,1.023755,1.064720,1.252434,1.826351,1.707873,1.920320,2.725841,128
512,536084479,803471361,137706077187,274608160771,137438168063,274340773889,1347583783,1.086002,1.134071,1.175150,1.950514,1.803640,1.064928,1.564892,128
512,536084479,803471361,137706077187,274608160771,137438168063,274340773889,1347583783,1.005475,1.159229,1.213670,1.936685,1.767117,2.438164,3.190473,128
512,536084479,803471361,137706077187,274608160771,137438168063,274340773889,1347583783,1.122173,1.165181,1.122129,2.018236,1.720140,2.002128,2.804216,128
512,536084479,803471361,137706077187,274608160771,137438168063,274340773889,1347583783,1.248614,1.162155,1.214042,1.968054,1.684593,1.958422,2.777409,128
512,536084479,803471361,137706077187,274608160771,137438168063,274340773889,1347583783,1.199131,1.219673,1.247609,1.390341,1.520169,2.118077,2.855611,128
512,536084479,803471361,137706077187,274608160771,137438168063,274340773889,1347583783,1.254126,1.183085,1.234848,2.186943,1.599437,2.284120,3.003174,128
512,536084479,803471361,137706077187,274608160771,137438168063,274340773889,1347583783,1.121351,1.269163,1.233885,2.059951,1.805395,1.441139,1.911914,128
512,536084479,803471361,137706077187,274608160771,137438168063,274340773889,1347583783,0.774935,1.152554,1.174441,2.206220,1.905486,2.450867,3.156805,128
512,536084479,803471361,137706077187,274608160771,137438168063,274340773889,1347583783,1.142255,1.126889,0.833226,2.078820,1.839731,1.978336,2.694755,128
512,536084479,803471361,137706077187,274608160771,137438168063,274340773889,1347583783,1.112629,1.255878,1.256027,2.148240,1.687743,2.392567,2.951572,128
512,536084479,803471361,137706077187,274608160771,137438168063,274340773889,1347583783,1.158290,1.236063,1.063042,2.161994,1.905033,2.057951,2.792346,128
